Regime,Ret
Fear,-0.001224697310194958
Extreme Fear,0.0013819195101028288
Neutral,0.0018240736657934244
Greed,0.003268443109536203
Extreme Greed,0.00348150512708108
